"id","domena","baza","miasto","lat","lng","region","domenaupper","aktywna"
"2","augustowogloszenia.pl","augustow","Augustów","53.8434","22.9796","podlaskie","AugustowOgloszenia.pl","TAK"
"3","bartoszyceogloszenia.pl","bartoszyce","Bartoszyce","54.2533","20.8081","warmińsko-mazurskie","BartoszyceOgloszenia.pl","TAK"
"4","belchatowogloszenia.pl","belchatow","Bełchatów","51.3688","19.3564","łódzkie","BelchatowOgloszenia.pl","TAK"
"5","bialapodlaskaogloszenia.pl","bialapodlaska","Biała Podlaska","52.0387","23.1445","lubelskie","BialaPodlaskaOgloszenia.pl","TAK"
"6","bielawaogloszenia.pl","bielawa","Bielawa","50.6908","16.6229","dolnośląskie","BielawaOgloszenia.pl","TAK"
"7","bilgorajogloszenia.pl","bilgoraj","Biłgoraj","50.541","22.722","lubelskie","BilgorajOgloszenia.pl","TAK"
"8","boleslawiecogloszenia.pl","boleslawiec","Bolesławiec","51.2659","15.5657","dolnośląskie","BoleslawiecOgloszenia.pl","TAK"
"9","brzegogloszenia.pl","brzeg","Brzeg","50.8609","17.4668","opolskie","BrzegOgloszenia.pl","TAK"
"10","bydgoszczogloszenia.pl","bydgoszcz","Bydgoszcz","53.1235","18.0084","kujawsko-pomorskie","BydgoszczOgloszenia.pl","NIE"
"11","chelmogloszenia.pl","chelm","Chełm","51.1431","23.4712","lubelskie","ChelmOgloszenia.pl","TAK"
"12","chorzowogloszenia.pl","chorzow","Chorzów","50.2975","18.9546","śląskie","ChorzowOgloszenia.pl","TAK"
"13","ciechanowogloszenia.pl","ciechanow","Ciechanów","52.8815","20.6198","mazowieckie","CiechanowOgloszenia.pl","NIE"
"14","czestochowaogloszenia.pl","czestochowa","Częstochowa","50.8118","19.1203","śląskie","CzestochowaOgloszenia.pl","NIE"
"15","dzierzoniowogloszenia.pl","dzierzoniow","Dzierżoniów","50.7309","16.6568","dolnośląskie","DzierzoniowOgloszenia.pl","TAK"
"16","elkogloszenia.pl","elk","Ełk","53.8281","22.3647","warmińsko-mazurskie","ElkOgloszenia.pl","TAK"
"17","gliwiceogloszenia.pl","gliwice","Gliwice","50.2945","18.6714","śląskie","GliwiceOgloszenia.pl","NIE"
"18","gnieznoogloszenia.pl","gniezno","Gniezno","52.5349","17.5827","wielkopolskie","GnieznoOgloszenia.pl","TAK"
"19","gorzowogloszenia.pl","gorzow","Gorzów","52.7325","15.2369","lubuskie","GorzowOgloszenia.pl","NIE"
"20","gostynogloszenia.pl","gostyn","Gostyń","51.8786","17.0121","wielkopolskie","GostynOgloszenia.pl","TAK"
"21","grudziadzogloszenia.pl","grudziadz","Grudziądz","53.4837","18.7536","kujawsko-pomorskie","GrudziadzOgloszenia.pl","TAK"
"22","inowroclawogloszenia.pl","inowroclaw","Inowrocław","52.7993","18.2562","kujawsko-pomorskie","InowroclawOgloszenia.pl","NIE"
"23","jaroslawogloszenia.pl","jaroslaw","Jarosław","50.0161","22.6777","podkarpackie","JaroslawOgloszenia.pl","TAK"
"24","jasloogloszenia.pl","jaslo","Jasło","49.7446","21.4723","podkarpackie","JasloOgloszenia.pl","TAK"
"25","jeleniagoraogloszenia.pl","jeleniagora","Jelenia Góra","50.9044","15.7194","dolnośląskie","JeleniaGoraOgloszenia.pl","TAK"
"26","ketrzynogloszenia.pl","ketrzyn","Kętrzyn","54.0766","21.375","warmińsko-mazurskie","KetrzynOgloszenia.pl","TAK"
"27","kolobrzegogloszenia.pl","kolobrzeg","Kołobrzeg","54.1759","15.5833","zachodniopomorskie","KolobrzegOgloszenia.pl","TAK"
"28","koloogloszenia.pl","kolo","Koło","52.1999","18.6385","wielkopolskie","KoloOgloszenia.pl","TAK"
"29","koninogloszenia.pl","konin","Konin","52.223","18.2511","wielkopolskie","KoninOgloszenia.pl","TAK"
"30","koszalinogloszenia.pl","koszalin","Koszalin","54.1943","16.1715","zachodniopomorskie","KoszalinOgloszenia.pl","TAK"
"31","krasnikogloszenia.pl","krasnik","Kraśnik","50.9234","22.2264","lubelskie","KrasnikOgloszenia.pl","TAK"
"32","kwidzynogloszenia.pl","kwidzyn","Kwidzyn","53.7264","18.9323","pomorskie","KwidzynOgloszenia.pl","TAK"
"33","legionowoogloszenia.pl","legionowo","Legionowo","52.4044","20.95","mazowieckie","LegionowoOgloszenia.pl","TAK"
"34","legnicaogloszenia.pl","legnica","Legnica","51.207","16.1553","dolnośląskie","LegnicaOgloszenia.pl","TAK"
"35","lesznoogloszenia.pl","leszno","Leszno","51.842","16.5938","wielkopolskie","LesznoOgloszenia.pl","TAK"
"36","lodzogloszenia.pl","lodz","Łódź","51.7592","19.456","łódzkie","LodzOgloszenia.pl","NIE"
"37","lubartowogloszenia.pl","lubartow","Lubartów","51.4599","22.6095","lubelskie","LubartowOgloszenia.pl","TAK"
"38","lubinogloszenia.pl","lubin","Lubin","51.3977","16.2096","dolnośląskie","LubinOgloszenia.pl","TAK"
"39","lublinogloszenia.pl","lublin","Lublin","51.2465","22.5684","lubelskie","LublinOgloszenia.pl","NIE"
"40","malborkogloszenia.pl","malbork","Malbork","54.0361","19.038","pomorskie","MalborkOgloszenia.pl","TAK"
"41","nowysaczogloszenia.pl","nowysacz","Nowy Sącz","49.6175","20.7153","małopolskie","NowySaczOgloszenia.pl","TAK"
"42","ogloszeniaaleksandrow.pl","aleksandrow","Aleksandrów Kujawski","52.8762","18.6657","kujawsko-pomorskie","OgloszeniaAleksandrow.pl","NIE"
"43","ogloszeniabialystok.com","bialystok","Białystok","53.1325","23.1688","podlaskie","OgloszeniaBialystok.pl","NIE"
"44","ogloszeniabielsk.pl","bielsk","Bielsk Podlaski","52.7643","23.1552","podlaskie","OgloszeniaBielsk.pl","TAK"
"45","ogloszeniablonie.pl","blonie","Błonie","52.1985","20.617","mazowieckie","OgloszeniaBlonie.pl","NIE"
"46","ogloszeniabochnia.pl","bochnia","Bochnia","49.9685","20.4303","małopolskie","OgloszeniaBochnia.pl","TAK"
"47","ogloszeniabrodnica.pl","brodnica","Brodnica","53.26","19.3957","kujawsko-pomorskie","OgloszeniaBrodnica.pl","TAK"
"48","ogloszeniabrwinow.pl","brwinow","Brwinów","52.1476","20.7168","mazowieckie","OgloszeniaBrwinow.pl","TAK"
"49","ogloszeniachelmno.pl","chelmno","Chełmno","53.3484","18.425","kujawsko-pomorskie","OgloszeniaChelmno.pl","TAK"
"50","ogloszeniachojnice.com","chojnice","Chojnice","53.6944","17.5569","pomorskie","OgloszeniaChojnice.com","TAK"
"51","ogloszeniadabrowa.pl","dabrowa","Dąbrowa Górnicza","50.3217","19.1949","śląskie","OgloszeniaDabrowa.pl","NIE"
"52","ogloszeniadebica.com","debica","Dębica","50.0516","21.4117","podkarpackie","OgloszeniaDebica.com","TAK"
"53","ogloszeniadzialdowo.pl","dzialdowo","Działdowo","53.2357","20.18","warmińsko-mazurskie","OgloszeniaDzialdowo.pl","TAK"
"54","ogloszeniaelblag.com","elblag","Elbląg","54.1561","19.4045","warmińsko-mazurskie","OgloszeniaElblag.com","TAK"
"55","ogloszeniagdansk.com","gdansk","Gdańsk","54.352","18.6466","pomorskie","OgloszeniaGdansk.com","NIE"
"56","ogloszeniagdynia.com","gdynia","Gdynia","54.5189","18.5305","pomorskie","OgloszeniaGdynia.com","NIE"
"57","ogloszeniagizycko.pl","gizycko","Giżycko","54.0364","21.7667","warmińsko-mazurskie","OgloszeniaGizycko.pl","TAK"
"58","ogloszeniagrajewo.pl","grajewo","Grajewo","53.6472","22.4552","podlaskie","OgloszeniaGrajewo.pl","TAK"
"59","ogloszeniagrodzisk.pl","grodzisk","Grodzisk Mazowiecki","52.1005","20.6109","mazowieckie","OgloszeniaGrodzisk.pl","TAK"
"60","ogloszeniagryfino.pl","gryfino","Gryfino","53.2524","14.4882","zachodniopomorskie","OgloszeniaGryfino.pl","TAK"
"61","ogloszeniailawa.com","ilawa","Iława","53.596","19.5684","warmińsko-mazurskie","OgloszeniaIlawa.com","TAK"
"62","ogloszeniajarocin.pl","jarocin","Jarocin","51.9725","17.5019","wielkopolskie","OgloszeniaJarocin.pl","TAK"
"63","ogloszeniakalisz.com","kalisz","Kalisz","51.7673","18.0853","wielkopolskie","OgloszeniaKalisz.com","TAK"
"64","ogloszeniakatowice.com","katowice","Katowice","50.2649","19.0238","śląskie","OgloszeniaKatowice.com","NIE"
"65","ogloszeniakonskie.pl","konskie","Końskie","51.1915","20.4068","świętokrzyskie","OgloszeniaKonskie.pl","TAK"
"66","ogloszeniakoscian.pl","koscian","Kościan","52.0816","16.6385","wielkopolskie","OgloszeniaKoscian.pl","TAK"
"67","ogloszenialebork.pl","lebork","Lębork","54.5446","17.7533","pomorskie","OgloszeniaLebork.pl","TAK"
"68","ogloszenialeczna.pl","leczna","Łęczna","51.3009","22.8821","lubelskie","OgloszeniaLeczna.pl","TAK"
"69","ogloszenialomianki.pl","lomianki","Łomianki","52.3337","20.887","mazowieckie","OgloszeniaLomianki.pl","TAK"
"70","ogloszenialomza.com","lomza","Łomża","53.1781","22.059","podlaskie","OgloszeniaLomza.com","TAK"
"71","ogloszeniamielec.com","mielec","Mielec","50.2871","21.4238","podkarpackie","OgloszeniaMielec.com","TAK"
"72","ogloszeniamilanowek.pl","milanowek","Milanówek","52.1185","20.6716","mazowieckie","OgloszeniaMilanowek.pl","TAK"
"73","ogloszeniaminsk.pl","minsk","Mińsk Mazowiecki","52.1793","21.5721","mazowieckie","OgloszeniaMinsk.pl","TAK"
"74","ogloszeniamlawa.pl","mlawa","Mława","53.1123","20.3837","mazowieckie","OgloszeniaMlawa.pl","TAK"
"75","ogloszeniamragowo.pl","mragowo","Mrągowo","53.8642","21.3049","warmińsko-mazurskie","OgloszeniaMragowo.pl","TAK"
"76","ogloszeniamszczonow.pl","mszczonow","Mszczonów","51.982","20.5216","mazowieckie","OgloszeniaMszczonow.pl","NIE"
"77","ogloszeniamyszkow.pl","myszkow","Myszków","50.5707","19.3145","śląskie","OgloszeniaMyszkow.pl","TAK"
"78","ogloszenianadarzyn.pl","nadarzyn","Nadarzyn","52.0672","20.7925","mazowieckie","OgloszeniaNadarzyn.pl","NIE"
"79","ogloszenianysa.com","nysa","Nysa","50.4823","17.3296","opolskie","OgloszeniaNysa.com","TAK"
"80","ogloszeniaolesnica.com","olesnica","Oleśnica","51.2134","17.3899","dolnośląskie","OgloszeniaOlesnica.com","TAK"
"81","ogloszeniaozarow.pl","ozarow","Ożarów Mazowiecki","52.2124","20.7935","mazowieckie","OgloszeniaOzarow.pl","TAK"
"82","ogloszeniaozorkow.pl","ozorkow","Ozorków","51.9633","19.2914","łódzkie","OgloszeniaOzorkow.pl","TAK"
"83","ogloszeniapiastow.pl","piastow","Piastów","52.1845","20.84","mazowieckie","OgloszeniaPiastow.pl","TAK"
"84","ogloszeniapiekary.pl","piekary","Piekary Śląskie","50.3759","18.908","śląskie","OgloszeniaPiekary.pl","TAK"
"85","ogloszeniaplock.com","plock","Płock","52.5463","19.7065","mazowieckie","OgloszeniaPlock.com","TAK"
"86","ogloszeniapodkowa.pl","podkowa","Podkowa Leśna","52.1214","20.7279","mazowieckie","OgloszeniaPodkowa.pl","NIE"
"87","ogloszeniapruszcz.pl","pruszcz","Pruszcz Gdański","53.3194","18.2125","pomorskie","OgloszeniaPruszcz.pl","TAK"
"88","ogloszeniaprzemysl.com","przemysl","Przemyśl","49.7839","22.7678","podkarpackie","OgloszeniaPrzemysl.com","TAK"
"89","ogloszeniaradom.com","radom","Radom","51.4027","21.1471","mazowieckie","OgloszeniaRadom.com","NIE"
"90","ogloszeniaskarzysko.pl","skarzysko","Skarżysko-Kamienna","51.1143","20.8478","świętokrzyskie","OgloszeniaSkarzysko.pl","TAK"
"91","ogloszeniaskierniewice.pl","skierniewice","Skierniewice","51.9547","20.1583","łódzkie","OgloszeniaSkierniewice.pl","TAK"
"92","ogloszeniaskawina.pl","skawina","Skawina","49.9752","19.8289","małopolskie","OgloszeniaSkawina.pl","TAK"
"93","ogloszeniasrem.pl","srem","Śrem","52.0887","17.0151","wielkopolskie","OgloszeniaSrem.pl","TAK"
"94","ogloszeniasroda.pl","sroda","Środa Wielkopolska","52.2291","17.2761","wielkopolskie","OgloszeniaSroda.pl","TAK"
"95","ogloszeniastarachowice.pl","starachowice","Starachowice","51.0368","21.071","świętokrzyskie","OgloszeniaStarachowice.pl","TAK"
"96","ogloszeniastarogard.pl","starogard","Starogard Gdański","53.9656","18.5163","pomorskie","OgloszeniaStarogard.pl","TAK"
"97","ogloszeniaswiebodzin.pl","swiebodzin","Świebodzin","52.2473","15.5336","lubuskie","OgloszeniaSwiebodzin.pl","TAK"
"98","ogloszeniaswiecie.pl","swiecie","Świecie","53.4094","18.4474","kujawsko-pomorskie","OgloszeniaSwiecie.pl","TAK"
"99","ogloszeniaszczytno.pl","szczytno","Szczytno","53.5635","20.9952","warmińsko-mazurskie","OgloszeniaSzczytno.pl","TAK"
"100","ogloszeniatarnobrzeg.com","tarnobrzeg","Tarnobrzeg","50.5729","21.6791","podkarpackie","OgloszeniaTarnobrzeg.com","TAK"
"101","ogloszeniatychy.com","tychy","Tychy","50.1218","19.02","śląskie","OgloszeniaTychy.com","TAK"
"102","ogloszeniawagrowiec.pl","wagrowiec","Wągrowiec","52.8085","17.1997","wielkopolskie","OgloszeniaWagrowiec.pl","TAK"
"103","ogloszeniawolomin.pl","wolomin","Wołomin","52.3391","21.2423","mazowieckie","OgloszeniaWolomin.pl","TAK"
"104","ogloszeniawroclaw.com","wroclaw","Wrocław","51.1079","17.0385","dolnośląskie","OgloszeniaWroclaw.com","NIE"
"105","ogloszeniawyszkow.pl","wyszkow","Wyszków","52.5929","21.4584","mazowieckie","OgloszeniaWyszkow.pl","TAK"
"106","ogloszeniazakopane.com","zakopane","Zakopane","49.2992","19.9496","małopolskie","OgloszeniaZakopane.com","TAK"
"107","ogloszeniazambrow.pl","zambrow","Zambrów","52.985","22.2414","podlaskie","OgloszeniaZambrow.pl","TAK"
"108","olawaogloszenia.pl","olawa","Oława","50.9459","17.2924","dolnośląskie","OlawaOgloszenia.pl","TAK"
"109","olkuszogloszenia.pl","olkusz","Olkusz","50.2813","19.5657","małopolskie","OlkuszOgloszenia.pl","TAK"
"110","olsztynogloszenia.pl","olsztyn","Olsztyn","53.7784","20.4801","warmińsko-mazurskie","OlsztynOgloszenia.pl","TAK"
"111","opoleogloszenia.pl","opole","Opole","50.6751","17.9213","opolskie","OpoleOgloszenia.pl","TAK"
"112","ostrodaogloszenia.pl","ostroda","Ostróda","53.6963","19.9648","warmińsko-mazurskie","OstrodaOgloszenia.pl","TAK"
"113","ostrolekaogloszenia.pl","ostroleka","Ostrołęka","53.0877","21.5593","mazowieckie","OstrolekaOgloszenia.pl","TAK"
"114","ostrowiecogloszenia.pl","ostrowiec","Ostrowiec Świętokrzyski","50.9295","21.3852","świętokrzyskie","OstrowiecOgloszenia.pl","NIE"
"115","ostrowogloszenia.pl","ostrow","Ostrów Wielkopolski","51.65","17.8157","wielkopolskie","OstrowOgloszenia.pl","TAK"
"116","ogloszeniaostrow.pl","ostrow2","Ostrów Mazowiecka","52.8025","21.8948","wielkopolskie","OgloszeniaOstrow.pl","TAK"
"117","otwockogloszenia.pl","otwock","Otwock","52.1053","21.2616","mazowieckie","OtwockOgloszenia.pl","TAK"
"118","pabianiceogloszenia.pl","pabianice","Pabianice","51.6567","19.3578","łódzkie","PabianiceOgloszenia.pl","TAK"
"119","piasecznoogloszenia.pl","piaseczno","Piaseczno","52.0812","21.0239","mazowieckie","PiasecznoOgloszenia.pl","TAK"
"120","pilaogloszenia.pl","pila","Piła","53.151","16.7382","wielkopolskie","PilaOgloszenia.pl","TAK"
"121","piotrkowogloszenia.pl","piotrkow","Piotrków Trybunalski","51.4052","19.703","łódzkie","PiotrkowOgloszenia.pl","NIE"
"122","plonskogloszenia.pl","plonsk","Płońsk","52.623","20.3754","mazowieckie","PlonskOgloszenia.pl","TAK"
"123","polkowiceogloszenia.pl","polkowice","Polkowice","51.5025","16.062","dolnośląskie","PolkowiceOgloszenia.pl","TAK"
"124","poznanogloszenia.pl","poznan2","Poznań2","52.4064","16.9252","wielkopolskie","PoznanOgloszenia.pl","NIE"
"125","pruszkowogloszenia.pl","pruszkow","Pruszków","52.1705","20.8119","mazowieckie","PruszkowOgloszenia.pl","TAK"
"126","pulawyogloszenia.pl","pulawy","Puławy","51.4164","21.9693","lubelskie","PulawyOgloszenia.pl","TAK"
"127","raciborzogloszenia.pl","raciborz","Racibórz","50.0915","18.2199","śląskie","RaciborzOgloszenia.pl","TAK"
"128","radomskoogloszenia.pl","radomsko","Radomsko","51.0669","19.4449","łódzkie","RadomskoOgloszenia.pl","TAK"
"129","rybnikogloszenia.pl","rybnik","Rybnik","50.1022","18.5463","śląskie","RybnikOgloszenia.pl","TAK"
"130","rzeszowogloszenia.com","rzeszow","Rzeszów","50.0412","21.9991","podkarpackie","RzeszowOgloszenia.com","NIE"
"131","sanokogloszenia.pl","sanok","Sanok","49.555","22.2061","podkarpackie","SanokOgloszenia.pl","TAK"
"132","siedlceogloszenia.pl","siedlce","Siedlce","52.1676","22.2902","mazowieckie","SiedlceOgloszenia.pl","TAK"
"133","slupskogloszenia.pl","slupsk","Słupsk","54.4641","17.0285","pomorskie","SlupskOgloszenia.pl","TAK"
"134","sochaczewogloszenia.pl","sochaczew","Sochaczew","52.2293","20.2384","mazowieckie","SochaczewOgloszenia.pl","TAK"
"135","sopotogloszenia.pl","sopot","Sopot","54.4416","18.5601","pomorskie","SopotOgloszenia.pl","TAK"
"136","stalowawolaogloszenia.pl","stalowawola","Stalowa Wola","50.5826","22.0536","podkarpackie","StalowaWolaOgloszenia.pl","NIE"
"137","suwalkiogloszenia.pl","suwalki","Suwałki","54.1115","22.9308","podlaskie","SuwalkiOgloszenia.pl","TAK"
"138","swidnicaogloszenia.pl","swidnica","Świdnica","50.8498","16.4757","dolnośląskie","SwidnicaOgloszenia.pl","TAK"
"139","swidnikogloszenia.pl","swidnik","Świdnik","51.2168","22.6914","lubelskie","SwidnikOgloszenia.pl","TAK"
"140","szczecinekogloszenia.pl","szczecinek","Szczecinek","53.7101","16.6994","zachodniopomorskie","SzczecinekOgloszenia.pl","TAK"
"141","tarnowogloszenia.com","tarnow","Tarnów","50.0121","20.9858","małopolskie","TarnowOgloszenia.com","TAK"
"142","tczewogloszenia.pl","tczew","Tczew","54.0919","18.7773","pomorskie","TczewOgloszenia.pl","TAK"
"143","tomaszowogloszenia.pl","tomaszow","Tomaszów Mazowiecki","51.5312","20.0086","łódzkie","TomaszowOgloszenia.pl","TAK"
"144","torunogloszenia.pl","torun","Toruń","53.0138","18.5984","kujawsko-pomorskie","TorunOgloszenia.pl","NIE"
"145","turekogloszenia.pl","turek","Turek","52.0146","18.5009","wielkopolskie","TurekOgloszenia.pl","TAK"
"146","tychyogloszenia.pl","tychypl","Tychy","50.1218","19.02","śląskie","TychyOgloszenia.pl","TAK"
"147","walbrzychogloszenia.pl","walbrzych","Wałbrzych","50.784","16.2844","dolnośląskie","WalbrzychOgloszenia.pl","TAK"
"148","walczogloszenia.pl","walcz","Wałcz","53.2735","16.4753","zachodniopomorskie","WalczOgloszenia.pl","TAK"
"149","warszawaogloszenia.com","warszawa","Warszawa","52.2297","21.0122","mazowieckie","WarszawaOgloszenia.com","NIE"
"150","wloclawekogloszenia.pl","wloclawek","Włocławek","52.6483","19.0677","kujawsko-pomorskie","WloclawekOgloszenia.pl","TAK"
"151","zamoscogloszenia.pl","zamosc","Zamość","50.7231","23.252","lubelskie","ZamoscOgloszenia.pl","TAK"
"152","zawiercieogloszenia.pl","zawiercie","Zawiercie","50.4877","19.4166","śląskie","ZawiercieOgloszenia.pl","NIE"
"153","zgierzogloszenia.pl","zgierz","Zgierz","51.8551","19.4061","łódzkie","ZgierzOgloszenia.pl","TAK"
"154","zgorzelecogloszenia.pl","zgorzelec","Zgorzelec","51.1496","15.0066","dolnośląskie","ZgorzelecOgloszenia.pl","TAK"
"155","zielonagoraogloszenia.pl","zielonagora","Zielona Góra","51.9356","15.5062","lubuskie","ZielonaGoraOgloszenia.pl","TAK"
"156","zywiecogloszenia.pl","zywiec","Żywiec","49.6913","19.1824","śląskie","ZywiecOgloszenia.pl","TAK"
"157","ogloszeniazary.pl","zary","Żary","51.642","15.137","lubuskie","OgloszeniaZary.pl","TAK"
"158","bielskobialaogloszenia.pl","bielskobiala","Bielsko-Biała","49.8224","19.0584","śląskie","BielskoBialaOgloszenia.pl","TAK"
"159","bytomogloszenia.pl","bytom","Bytom","50.3484","18.9157","śląskie","BytomOgloszenia.pl","TAK"
"160","kielceogloszenia.pl","kielce","Kielce","50.8661","20.6286","świętokrzyskie","KielceOgloszenia.pl","NIE"
"161","krakowogloszenia.com","krakow","Kraków","50.0647","19.945","małopolskie","KrakowOgloszenia.com","NIE"
"162","ogloszeniakrosno.com","krosno","Krosno","49.6825","21.7661","podkarpackie","OgloszeniaKrosno.com","TAK"
"163","ogloszeniaszczecin.com","szczecin","Szczecin","53.4285","14.5528","zachodniopomorskie","OgloszeniaSzczecin.com","NIE"
"164","sandomierzogloszenia.pl","sandomierz","Sandomierz","50.6822","21.7502","świętokrzyskie","SandomierzOgloszenia.pl","TAK"
"165","sieradzogloszenia.pl","sieradz","Sieradz","51.5956","18.7303","łódzkie","SieradzOgloszenia.pl","NIE"
"166","sosnowiecogloszenia.pl","sosnowiec","Sosnowiec","50.2863","19.1041","śląskie","SosnowiecOgloszenia.pl","NIE"
"167","swarzedzogloszenia.pl","swarzedz","Swarzędz","52.4125","17.0856","wielkopolskie","SwarzedzOgloszenia.pl","TAK"
"168","swinoujscieogloszenia.pl","swinoujscie","Świnoujście","53.91","14.2476","zachodniopomorskie","SwinoujscieOgloszenia.pl","TAK"
"169","wrzesniaogloszenia.pl","wrzesnia","Września","52.3238","17.5665","wielkopolskie","WrzesniaOgloszenia.pl","TAK"
"170","zabrzeogloszenia.pl","zabrze","Zabrze","50.3249","18.7857","śląskie","ZabrzeOgloszenia.pl","NIE"
"171","trew.pl","trew","Trew","51.9194","19.1451","Mazowieckie","trew.pl","NIE"
"172","obornikiogloszenia.pl","oborniki","Oborniki","52.6449","16.8142","wielkopolskie","ObornikiOgloszenia.pl","TAK"
"173","bedzinogloszenia.pl","bedzin","Będzin","50.3356","19.0889","śląskie","BedzinOgloszenia.pl","TAK"
"174","bialobrzegiogloszenia.pl","bialobrzegi","Białobrzegi","51.6454","20.9539","mazowieckie","BialobrzegiOgloszenia.pl","NIE"
"175","bialogardogloszenia.pl","bialogard","Białogard","54.0104","15.9404","zachodniopomorskie","BialogardOgloszenia.pl","NIE"
"176","bierunogloszenia.pl","bierun","Bieruń","50.0841","19.1066","śląskie","BierunOgloszenia.pl","TAK"
"177","braniewoogloszenia.pl","braniewo","Braniewo","54.3797","19.8201","warmińsko-mazurskie","BraniewoOgloszenia.pl","TAK"
"178","brzeskoogloszenia.pl","brzesko","Brzesko","49.9745","20.5937","małopolskie","BrzeskoOgloszenia.pl","TAK"
"179","brzezinyogloszenia.pl","brzeziny","Brzeziny","51.8008","19.7144","łódzkie","BrzezinyOgloszenia.pl","NIE"
"180","brzozowogloszenia.pl","brzozow","Brzozów","49.6973","22.0126","podkarpackie","BrzozowoOgloszenia.pl","NIE"
"181","buskozdrojogloszenia.pl","buskozdroj","Busko-Zdrój","50.4704","20.7192","świętokrzyskie","BuskoZdrojOgloszenia.pl","NIE"
"182","bytowogloszenia.pl","bytow","Bytów","54.1689","17.4923","pomorskie","BytowOgloszenia.pl","TAK"
"183","chodziezogloszenia.pl","chodziez","Chodzież","52.9951","16.8807","wielkopolskie","ChodziezOgloszenia.pl","NIE"
"184","choszcznoogloszenia.pl","choszczno","Choszczno","53.1688","15.4095","zachodniopomorskie","ChoszcznoOgloszenia.pl","TAK"
"185","chrzanowogloszenia.pl","chrzanow","Chrzanów","50.1288","19.3237","małopolskie","ChrzanowOgloszenia.pl","TAK"
"186","cieszynogloszenia.pl","cieszyn","Cieszyn","49.7558","18.6152","śląskie","CieszynOgloszenia.pl","TAK"
"187","czarnkowogloszenia.pl","czarnkow","Czarnków","52.9051","16.5625","wielkopolskie","CzarnkowOgloszenia.pl","NIE"
"188","czluchowogloszenia.pl","czluchow","Człuchów","53.6648","17.333","pomorskie","CzluchowOgloszenia.pl","TAK"
"189","dabrowatarnowskaogloszenia.pl","dabrowatarnowska","Dąbrowa Tarnowska","50.1697","20.9601","małopolskie","DabrowaTarnowskaOgloszenia.pl","TAK"
"190","drawskopomorskieogloszenia.pl","drawskopomorskie","Drawsko Pomorskie","53.5337","15.7745","zachodniopomorskie","DrawskoPomorskieOgloszenia.pl","NIE"
"191","garwolinogloszenia.pl","garwolin","Garwolin","51.8972","21.6149","warmińsko-mazurskie","GarwolinOgloszenia.pl","TAK"
"192","glogowogloszenia.pl","glogow","Głogów","51.6625","16.0861","dolnośląskie","GlogowOgloszenia.pl","TAK"
"193","glubczyceogloszenia.pl","glubczyce","Głubczyce","50.2012","17.8134","opolskie","GlubczyceOgloszenia.pl","TAK"
"194","goleniowogloszenia.pl","goleniow","Goleniów","53.5606","14.8019","zachodniopomorskie","GoleniowOgloszenia.pl","TAK"
"195","golub-dobrzynogloszenia.pl","golubdobrzyn","Golub-Dobrzyń","53.112","19.0339","kujawsko-pomorskie","Golub-DobrzynOgloszenia.pl","NIE"
"196","goldapogloszenia.pl","goldap","Gołdap","54.3131","22.2636","warmińsko-mazurskie","GoldapOgloszenia.pl","TAK"
"197","gorliceogloszenia.pl","gorlice","Gorlice","49.6546","21.1596","małopolskie","GorliceOgloszenia.pl","TAK"
"198","gostyninogloszenia.pl","gostynin","Gostynin","52.4242","19.4313","mazowieckie","GostyninOgloszenia.pl","TAK"
"199","goraogloszenia.pl","gora","Góra","51.6702","16.5157","dolnośląskie","GoraOgloszenia.pl","TAK"
"200","grodziskwielkopolskiogloszenia.pl","grodziskwielkopolski","Grodzisk Wielkopolski","52.2263","16.3628","wielkopolskie","GrodziskWielkopolskiOgloszenia.pl","NIE"
"201","grojecogloszenia.pl","grojec","Grójec","51.8655","20.8666","mazowieckie","GrojecOgloszenia.pl","TAK"
"202","gryficeogloszenia.pl","gryfice","Gryfice","53.9149","15.1987","zachodniopomorskie","GryficeOgloszenia.pl","TAK"
"203","hajnowkaogloszenia.pl","hajnowka","Hajnówka","52.7451","23.5816","podlaskie","HajnowkaOgloszenia.pl","TAK"
"204","hrubieszowogloszenia.pl","hrubieszow","Hrubieszów","50.8042","23.8898","lubelskie","HrubieszowOgloszenia.pl","NIE"
"205","janowlubelskiogloszenia.pl","janowlubelski","Janów Lubelski","50.701","22.3792","kujawsko-pomorskie","JanowLubelskiOgloszenia.pl","NIE"
"206","jaworogloszenia.pl","jawor","Jawor","51.0674","16.1502","dolnośląskie","JaworOgloszenia.pl","TAK"
"207","jedrzejowogloszenia.pl","jedrzejow","Jędrzejów","50.6393","20.3039","świętokrzyskie","JedrzejowOgloszenia.pl","TAK"
"208","kamiennagoraogloszenia.pl","kamiennagora","Kamienna Góra","50.7847","15.9996","dolnośląskie","KamiennaGoraOgloszenia.pl","NIE"
"209","kamienpomorskiogloszenia.pl","kamienpomorski","Kamień Pomorski","53.9697","14.748","zachodniopomorskie","KamienPomorskiOgloszenia.pl","NIE"
"210","kartuzyogloszenia.pl","kartuzy","Kartuzy","54.3364","18.1786","pomorskie","KartuzyOgloszenia.pl","TAK"
"211","kazimierzawielkaogloszenia.pl","kazimierzawielka","Kazimierza Wielka","50.2675","20.4653","świętokrzyskie","KazimierzaWielkaOgloszenia.pl","TAK"
"212","kedzierzynkozleogloszenia.pl","kedzierzynkozle","Kędzierzyn-Koźle","50.3454","18.176","opolskie","KedzierzynKozleOgloszenia.pl","NIE"
"213","kepnoogloszenia.pl","kepno","Kępno","51.2781","17.9891","wielkopolskie","KepnoOgloszenia.pl","TAK"
"214","kluczborkogloszenia.pl","kluczbork","Kluczbork","50.9724","18.2181","opolskie","KluczborkOgloszenia.pl","TAK"
"215","klobuckogloszenia.pl","klobuck","Kłobuck","50.9066","18.9066","śląskie","KlobuckOgloszenia.pl","TAK"
"216","klodzkoogloszenia.pl","klodzko","Kłodzko","50.4346","16.6614","dolnośląskie","KlodzkoOgloszenia.pl","TAK"
"217","kolbuszowaogloszenia.pl","kolbuszowa","Kolbuszowa","50.2364","21.7558","podkarpackie","KolbuszowaOgloszenia.pl","TAK"
"218","kolnoogloszenia.pl","kolno","Kolno","53.4011","21.901","podlaskie","KolnoOgloszenia.pl","NIE"
"220","koscierzynaogloszenia.pl","koscierzyna","Kościerzyna","54.1213","17.9781","pomorskie","KoscierzynaOgloszenia.pl","TAK"
"221","kozieniceogloszenia.pl","kozienice","Kozienice","51.5855","21.5512","mazowieckie","KozieniceOgloszenia.pl","TAK"
"222","krapkowiceogloszenia.pl","krapkowice","Krapkowice","50.4746","17.9671","opolskie","KrapkowiceOgloszenia.pl","TAK"
"223","krasnystawogloszenia.pl","krasnystaw","Krasnystaw","50.9841","23.1719","lubelskie","KrasnystawOgloszenia.pl","TAK"
"224","krosnoodrzanskieogloszenia.pl","krosnoodrzanskie","Krosno Odrzańskie","52.0409","15.0658","lubuskie","KrosnoOdrzanskieOgloszenia.pl","NIE"
"225","krotoszynogloszenia.pl","krotoszyn","Krotoszyn","51.6957","17.4373","wielkopolskie","KrotoszynOgloszenia.pl","TAK"
"226","kutnoogloszenia.pl","kutno","Kutno","52.2306","19.3643","łódzkie","KutnoOgloszenia.pl","TAK"
"227","leskoogloszenia.pl","lesko","Lesko","49.4704","22.2909","podkarpackie","LeskoOgloszenia.pl","NIE"
"228","lezajskogloszenia.pl","lezajsk","Leżajsk","50.2621","22.4211","podkarpackie","LezajskOgloszenia.pl","TAK"
"229","lidzbarkogloszenia.pl","lidzbarkwarminski","Lidzbark Warmiński","54.1309","20.5323","warmińsko-mazurskie","LidzbarkOgloszenia.pl","TAK"
"230","limanowaogloszenia.pl","limanowa","Limanowa","49.7059","20.4223","małopolskie","LimanowaOgloszenia.pl","NIE"
"231","lipnoogloszenia.pl","lipno","Lipno","52.8424","19.1579","kujawsko-pomorskie","LipnoOgloszenia.pl","TAK"
"232","lipskoogloszenia.pl","lipsko","Lipsko","51.1631","21.6135","mazowieckie","LipskoOgloszenia.pl","NIE"
"233","lubaczowogloszenia.pl","lubaczow","Lubaczów","50.1572","23.0851","podkarpackie","LubaczowOgloszenia.pl","TAK"
"234","lubanogloszenia.pl","luban","Lubań","51.1145","15.2466","dolnośląskie","LubanOgloszenia.pl","TAK"
"235","lubliniecogloszenia.pl","lubliniec","Lubliniec","50.6727","18.6789","śląskie","LubliniecOgloszenia.pl","TAK"
"236","lwowekslaskiogloszenia.pl","lwowekslaski","Lwówek Śląski","51.1109","15.5709","dolnośląskie","LwowekSlaskiOgloszenia.pl","TAK"
"237","lancutogloszenia.pl","lancut","Łańcut","50.0691","22.2321","podkarpackie","LancutOgloszenia.pl","TAK"
"238","laskogloszenia.pl","lask","Łask","51.6019","19.1235","łódzkie","LaskOgloszenia.pl","TAK"
"239","leczycaogloszenia.pl","leczyca","Łęczyca","52.0544","19.1816","łódzkie","LeczycaOgloszenia.pl","TAK"
"240","lobezogloszenia.pl","lobez","Łobez","53.636","15.5809","zachodniopomorskie","LobezOgloszenia.pl","NIE"
"241","losiceogloszenia.pl","losice","Łosice","52.1968","22.6848","mazowieckie","LosiceOgloszenia.pl","TAK"
"242","lowiczogloszenia.pl","lowicz","Łowicz","52.1068","19.9454","łódzkie","LowiczOgloszenia.pl","TAK"
"243","lukowogloszenia.pl","lukow","Łuków","51.9272","22.383","lubelskie","LukowOgloszenia.pl","TAK"
"244","makowmazowieckiogloszenia.pl","makowmazowiecki","Maków Mazowiecki","52.8616","21.058","mazowieckie","MakowMazowieckiOgloszenia.pl","TAK"
"245","rudaslaskaogloszenia.pl","rudaslaska","Ruda Śląska","50.2558","18.8556","śląskie","RudaSlaskaOgloszenia.pl","TAK"
"246","siemianowiceogloszenia.pl","siemianowice","Siemianowice Śląskie","50.3264","19.0296","śląskie","SiemianowiceOgloszenia.pl","NIE"
"247","swietochlowiceogloszenia.pl","swietochlowice","Świętochłowice","50.2964","18.9171","śląskie","SwietochlowiceOgloszenia.pl","TAK"
"248","zoryogloszenia.pl","zory","Żory","50.0447","18.7006","śląskie","ZoryOgloszenia.pl","TAK"
"249","miechowogloszenia.pl","miechow","Miechów","50.3588","19.9924","małopolskie","MiechowOgloszenia.pl","TAK"
"250","miedzychodogloszenia.pl","miedzychod","Międzychód","52.6008","15.8706","wielkopolskie","MiedzychodOgloszenia.pl","NIE"
"251","miedzyrzeczogloszenia.pl","miedzyrzecz","Międzyrzecz","52.4485","15.5571","lubuskie","MiedzyrzeczOgloszenia.pl","TAK"
"252","mikolowogloszenia.pl","mikolow","Mikołów","50.196","18.7921","śląskie","MikolowOgloszenia.pl","TAK"
"253","miliczogloszenia.pl","milicz","Milicz","51.5199","17.2368","dolnośląskie","MiliczOgloszenia.pl","TAK"
"254","mogilnoogloszenia.pl","mogilno","Mogilno","52.6589","17.9384","kujawsko-pomorskie","MogilnoOgloszenia.pl","NIE"
"255","monkiogloszenia.pl","monki","Mońki","53.4044","22.7878","podlaskie","MonkiOgloszenia.pl","NIE"
"256","mysleniceogloszenia.pl","myslenice","Myślenice","49.8277","19.9051","małopolskie","MysleniceOgloszenia.pl","TAK"
"257","mysliborzogloszenia.pl","mysliborz","Myślibórz","52.9438","14.8324","zachodniopomorskie","MysliborzOgloszenia.pl","NIE"
"258","nakloogloszenia.pl","naklonadnotecia","Nakło nad Notecią","53.1387","17.5999","kujawsko-pomorskie","NakloOgloszenia.pl","TAK"
"259","namyslowogloszenia.pl","namyslow","Namysłów","51.0769","17.6602","opolskie","NamyslowOgloszenia.pl","NIE"
"260","nidzicaogloszenia.pl","nidzica","Nidzica","53.3631","20.4064","warmińsko-mazurskie","NidzicaOgloszenia.pl","TAK"
"261","niskoogloszenia.pl","nisko","Nisko","50.5028","22.059","podkarpackie","NiskoOgloszenia.pl","TAK"
"262","nowasologloszenia.pl","nowasol","Nowa Sól","51.8035","15.6773","lubuskie","NowaSolOgloszenia.pl","TAK"
"263","nowemiastolubawskieogloszenia.pl","nowemiastolubawskie","Nowe Miasto Lubawskie","53.4251","19.5495","warmińsko-mazurskie","NoweMiastoLubawskieOgloszenia.pl","NIE"
"264","nowydworgdanskiogloszenia.pl","nowydworgdanski","Nowy Dwór Gdański","54.212","19.1027","pomorskie","NowyDworGdanskiOgloszenia.pl","NIE"
"265","nowydwormazowieckiogloszenia.pl","nowydwormazowiecki","Nowy Dwór Mazowiecki","52.4343","20.6568","mazowieckie","NowyDworMazowieckiOgloszenia.pl","TAK"
"266","nowytargogloszenia.pl","nowytarg","Nowy Targ","49.4894","19.9737","małopolskie","NowyTargOgloszenia.pl","TAK"
"267","nowytomyslogloszenia.pl","nowytomysl","Nowy Tomyśl","52.3178","16.1292","wielkopolskie","NowyTomyslOgloszenia.pl","NIE"
"268","ogloszeniaolecko.pl","olecko","Olecko","54.0361","22.4631","warmińsko-mazurskie","OgloszeniaOlecko.pl","TAK"
"269","ogloszeniaolesno.pl","olesno","Olesno","50.8761","18.3781","opolskie","OgloszeniaOlesno.pl","NIE"
"270","opatowogloszenia.pl","opatow","Opatów","50.8062","21.406","świętokrzyskie","OpatowOgloszenia.pl","TAK"
"271","opocznoogloszenia.pl","opoczno","Opoczno","51.3753","20.2788","łódzkie","OpocznoOgloszenia.pl","TAK"
"272","opolelubelskieogloszenia.pl","opolelubelskie","Opole Lubelskie","51.1486","21.9346","lubelskie","OpoleLubelskieOgloszenia.pl","NIE"
"273","ostrowiecswietokrzyskiogloszenia.pl","ostrowiecswietokrzyski","Ostrowiec Świętokrzyski","50.9399","21.3874","świętokrzyskie","OstrowiecSwietokrzyskiOgloszenia.pl","NIE"
"274","ostrzeszowogloszenia.pl","ostrzeszow","Ostrzeszów","51.4244","17.9004","wielkopolskie","OstrzeszowOgloszenia.pl","TAK"
"275","oswiecimogloszenia.pl","oswiecim","Oświęcim","50.0352","19.2232","małopolskie","OswiecimOgloszenia.pl","TAK"
"276","pajecznoogloszenia.pl","pajeczno","Pajęczno","51.1358","18.963","łódzkie","PajecznoOgloszenia.pl","TAK"
"277","parczewogloszenia.pl","parczew","Parczew","51.6347","22.8755","lubelskie","ParczewOgloszenia.pl","NIE"
"278","pinczowogloszenia.pl","pinczow","Pińczów","50.5151","20.5056","świętokrzyskie","PinczowOgloszenia.pl","NIE"
"279","piszogloszenia.pl","pisz","Pisz","53.6272","21.7923","warmińsko-mazurskie","PiszOgloszenia.pl","TAK"
"280","pleszewogloszenia.pl","pleszew","Pleszew","51.8941","17.7694","wielkopolskie","PleszewOgloszenia.pl","TAK"
"281","poddebiceogloszenia.pl","poddebice","Poddębice","51.8949","18.9471","łódzkie","PoddebiceOgloszenia.pl","TAK"
"282","policeogloszenia.pl","police","Police","53.5671","14.5421","zachodniopomorskie","PoliceOgloszenia.pl","TAK"
"283","proszowiceogloszenia.pl","proszowice","Proszowice","50.1888","20.2755","małopolskie","ProszowiceOgloszenia.pl","TAK"
"284","prudnikogloszenia.pl","prudnik","Prudnik","50.3215","17.5809","opolskie","PrudnikOgloszenia.pl","TAK"
"285","pruszczgdanskiogloszenia.pl","pruszczgdanski","Pruszcz Gdański","54.2584","18.6491","mazowieckie","PruszczGdanskiOgloszenia.pl","TAK"
"286","ogloszeniaprzasnysz.pl","przasnysz","Przasnysz","53.0214","20.8817","mazowieckie","OgloszeniaPrzasnysz.pl","TAK"
"287","przeworskogloszenia.pl","przeworsk","Przeworsk","50.0547","22.4663","podkarpackie","PrzeworksOgloszenia.pl","NIE"
"288","przysuchaogloszenia.pl","przysucha","Przysucha","51.3518","20.5929","mazowieckie","PrzysuchaOgloszenia.pl","NIE"
"289","pszczynaogloszenia.pl","pszczyna","Pszczyna","49.9858","18.9477","śląskie","PszczynaOgloszenia.pl","TAK"
"290","puckogloszenia.pl","puck","Puck","54.7141","18.3876","pomorskie","PuckOgloszenia.pl","NIE"
"291","pultuskogloszenia.pl","pultusk","Pułtusk","52.6975","21.0852","mazowieckie","PultuskOgloszenia.pl","TAK"
"292","pyrzyceogloszenia.pl","pyrzyce","Pyrzyce","53.1424","14.8225","zachodniopomorskie","PyrzyceOgloszenia.pl","TAK"
"293","radziejowogloszenia.pl","radziejow","Radziejów","52.6192","18.5146","kujawsko-pomorskie","RadziejowOgloszenia.pl","NIE"
"294","radzynpodlaskiogloszenia.pl","radzynpodlaski","Radzyń Podlaski","51.7769","22.5915","lubelskie","RadzynPodlaskiOgloszenia.pl","TAK"
"295","rawamazowieckaogloszenia.pl","rawamazowiecka","Rawa Mazowiecka","51.7656","20.2539","łódzkie","RawaMazowieckaOgloszenia.pl","NIE"
"296","rawiczogloszenia.pl","rawicz","Rawicz","51.6091","16.8577","wielkopolskie","RawiczOgloszenia.pl","TAK"
"297","ropczyceogloszenia.pl","ropczyce","Ropczyce","50.0491","21.5419","podkarpackie","RopczyceOgloszenia.pl","TAK"
"298","rykiogloszenia.pl","ryki","Ryki","51.6255","21.8909","lubelskie","RykiOgloszenia.pl","NIE"
"299","rypinogloszenia.pl","rypin","Rypin","53.0629","19.3855","kujawsko-pomorskie","RypinOgloszenia.pl","TAK"
"300","sejnyogloszenia.pl","sejny","Sejny","54.1108","23.3305","podlaskie","SejnyOgloszenia.pl","NIE"
"301","sepolnokrajenskieogloszenia.pl","sepolnokrajenskie","Sępolno Krajeńskie","53.4528","17.5117","kujawsko-pomorskie","SepolnoKrajenskieOgloszenia.pl","NIE"
"302","siemiatyczeogloszenia.pl","siemiatycze","Siemiatycze","52.42","22.8051","podlaskie","SiemiatyczeOgloszenia.pl","TAK"
"303","sierpcogloszenia.pl","sierpc","Sierpc","52.8534","19.6303","mazowieckie","SierpcOgloszenia.pl","TAK"
"304","ogloszeniaslawno.pl","slawno","Sławno","54.3618","16.6275","zachodniopomorskie","OgloszeniaSlawno.pl","NIE"
"305","slubiceogloszenia.pl","slubice","Słubice","52.359","14.5541","lubuskie","SlubiceOgloszenia.pl","TAK"
"306","slupcaogloszenia.pl","slupca","Słupca","52.2937","17.8323","wielkopolskie","SlupcaOgloszenia.pl","TAK"
"307","sokolowpodlaskiogloszenia.pl","sokolowpodlaski","Sokołów Podlaski","52.4087","22.2523","mazowieckie","SokolowPodlaskiOgloszenia.pl","TAK"
"308","sokolkaogloszenia.pl","sokolka","Sokółka","53.4056","23.4901","podlaskie","SokolkaOgloszenia.pl","TAK"
"309","stargardogloszenia.pl","stargard","Stargard","53.3365","15.0504","zachodniopomorskie","StargardOgloszenia.pl","TAK"
"310","starogardgdanskiogloszenia.pl","starogardgdanski","Starogard Gdański","53.9655","18.4917","pomorskie","StarogardGdanskiOgloszenia.pl","TAK"
"311","staszowogloszenia.pl","staszow","Staszów","50.561","21.1554","świętokrzyskie","StaszowOgloszenia.pl","NIE"
"312","strzelcekrajenskieogloszenia.pl","strzelcekrajenskie","Strzelce Krajeńskie","52.8761","15.5145","lubuskie","StrzelceKrajenskieOgloszenia.pl","NIE"
"313","strzelceopolskieogloszenia.pl","strzelceopolskie","Strzelce Opolskie","50.5125","18.3009","opolskie","StrzelceOpolskieOgloszenia.pl","TAK"
"314","strzelinogloszenia.pl","strzelin","Strzelin","50.7777","17.0591","dolnośląskie","StrzelinOgloszenia.pl","TAK"
"315","strzyzowogloszenia.pl","strzyzow","Strzyżów","49.8714","21.7536","podkarpackie","StrzyzowOgloszenia.pl","TAK"
"316","suchabeskidzkaogloszenia.pl","suchabeskidzka","Sucha Beskidzka","49.7327","19.5431","małopolskie","SuchaBeskidzkaOgloszenia.pl","TAK"
"317","sulecinogloszenia.pl","sulecin","Sulęcin","52.4475","15.0852","lubuskie","SulecinOgloszenia.pl","NIE"
"318","szamotulyogloszenia.pl","szamotuly","Szamotuły","52.6117","16.5779","wielkopolskie","SzamotulyOgloszenia.pl","TAK"
"319","sztumogloszenia.pl","sztum","Sztum","53.9221","19.0184","pomorskie","SztumOgloszenia.pl","NIE"
"320","szydlowiecogloszenia.pl","szydlowiec","Szydłowiec","51.222","20.8049","mazowieckie","SzydlowiecOgloszenia.pl","TAK"
"321","srodaslaskaogloszenia.pl","srodaslaska","Środa Śląska","51.1703","16.5618","dolnośląskie","SrodaSlaskaOgloszenia.pl","NIE"
"322","swidwinogloszenia.pl","swidwin","Świdwin","53.7747","15.7622","zachodniopomorskie","SwidwinOgloszenia.pl","TAK"
"323","tarnowskiegoryogloszenia.pl","tarnowskiegory","Tarnowskie Góry","50.4659","18.772","śląskie","TarnowskieGoryOgloszenia.pl","TAK"
"324","tomaszowlubelskiogloszenia.pl","tomaszowlubelski","Tomaszów Lubelski","50.4511","23.417","lubelskie","TomaszowLubelskiOgloszenia.pl","TAK"
"325","trzebnicaogloszenia.pl","trzebnica","Trzebnica","51.3082","17.0416","dolnośląskie","TrzebnicaOgloszenia.pl","TAK"
"326","tucholaogloszenia.pl","tuchola","Tuchola","53.5779","17.8452","kujawsko-pomorskie","TucholaOgloszenia.pl","TAK"
"327","ustrzykidolneogloszenia.pl","ustrzykidolne","Ustrzyki Dolne","49.4303","22.5432","podkarpackie","UstrzykiDolneOgloszenia.pl","TAK"
"328","wadowiceogloszenia.pl","wadowice","Wadowice","49.8828","19.494","małopolskie","WadowiceOgloszenia.pl","NIE"
"329","ogloszeniawabrzezno.pl","wabrzezno","Wąbrzeźno","53.2782","18.9347","kujawsko-pomorskie","OgloszeniaWabrzezno.pl","TAK"
"330","wejherowoogloszenia.pl","wejherowo","Wejherowo","54.6003","18.233","pomorskie","WejherowoOgloszenia.pl","TAK"
"331","ogloszeniawegorzewo.pl","wegorzewo","Węgorzewo","54.2081","21.7139","warmińsko-mazurskie","OgloszeniaWegorzewo.pl","NIE"
"332","wegrowogloszenia.pl","wegrow","Węgrów","52.4012","21.9598","mazowieckie","WegrowoOgloszenia.pl","NIE"
"333","wieliczkaogloszenia.pl","wieliczka","Wieliczka","49.9835","20.0605","małopolskie","WieliczkaOgloszenia.pl","TAK"
"334","wielunogloszenia.pl","wielun","Wieluń","51.2186","18.5689","łódzkie","WielunOgloszenia.pl","TAK"
"335","wieruszowogloszenia.pl","wieruszow","Wieruszów","51.2964","18.1361","łódzkie","WieruszowOgloszenia.pl","NIE"
"336","wlodawaogloszenia.pl","wlodawa","Włodawa","51.5422","23.4986","lubelskie","WlodawaOgloszenia.pl","TAK"
"337","wloszczowaogloszenia.pl","wloszczowa","Włoszczowa","50.8575","19.9516","świętokrzyskie","WloszczowaOgloszenia.pl","TAK"
"338","wodzislawslaskiogloszenia.pl","wodzislawslaski","Wodzisław Śląski","50.0025","18.4038","śląskie","WodzislawSlaskiOgloszenia.pl","TAK"
"339","wolsztynogloszenia.pl","wolsztyn","Wolsztyn","52.115","16.117","wielkopolskie","WolsztynOgloszenia.pl","TAK"
"340","wolowogloszenia.pl","wolow","Wołów","51.3381","16.6","dolnośląskie","WolowOgloszenia.pl","NIE"
"341","wschowaogloszenia.pl","wschowa","Wschowa","51.8074","16.2864","lubuskie","WschowaOgloszenia.pl","TAK"
"342","wysokiemazowieckieogloszenia.pl","wysokiemazowieckie","Wysokie Mazowieckie","52.9245","22.4786","podlaskie","WysokieMazowieckieOgloszenia.pl","NIE"
"343","zabkowiceogloszenia.pl","zabkowiceslaskie","Ząbkowice Śląskie","50.5874","16.7884","dolnośląskie","ZabkowiceOgloszenia.pl","TAK"
"344","zdunskawolaogloszenia.pl","zdunskawola","Zduńska Wola","51.5955","18.9302","łódzkie","ZdunskaWolaOgloszenia.pl","TAK"
"345","zlotoryjaogloszenia.pl","zlotoryja","Złotoryja","51.1228","15.9032","dolnośląskie","ZlotoryjaOgloszenia.pl","TAK"
"346","zlotowogloszenia.pl","zlotow","Złotów","53.3592","17.0276","wielkopolskie","ZlotowOgloszenia.pl","NIE"
"347","zwolenogloszenia.pl","zwolen","Zwoleń","51.3567","21.5683","mazowieckie","ZwolenOgloszenia.pl","NIE"
"348","zaganogloszenia.pl","zagan","Żagań","51.6157","15.2802","lubuskie","ZaganOgloszenia.pl","TAK"
"349","zninogloszenia.pl","znin","Żnin","52.8462","17.7125","kujawsko-pomorskie","ZninOgloszenia.pl","NIE"
"350","zurominogloszenia.pl","zuromin","Żuromin","53.0661","19.9089","mazowieckie","ZurominOgloszenia.pl","TAK"
"351","zyrardowogloszenia.pl","zyrardow","Żyrardów","52.0487","20.446","mazowieckie","ZyrardowOgloszenia.pl","NIE"
"352","lubin365.pl","lubin","Lubin","51.3997","16.1243","dolnośląskie","Lubin365.pl","TAK"
"353","nowogardogloszenia.pl","nowogard","Nowogard","53.672","15.0837","zachodniopomorskie","NowogardOgloszenia.pl","TAK"
"354","czaplinekogloszenia.pl","czaplinek","Czaplinek","53.5622","16.2341","zachodniopomorskie","CzaplinekOgloszenia.pl","NIE"
"355","ogloszeniamiastko.pl","miastko","Miastko","54.0035","16.9834","pomorskie","OgloszeniaMiastko.pl","NIE"
"356","moragogloszenia.pl","morag","Morąg","53.9187","19.9226","warmińsko-mazurskie","MoragOgloszenia.pl","TAK"
"357","mikolajkiogloszenia.pl","mikolajki","Mikołajki","53.8026","21.5713","warmińsko-mazurskie","MikolajkiOgloszenia.pl","NIE"
"358","ogloszeniadrezdenko.pl","drezdenko","Drezdenko","52.8399","15.8305","lubuskie","OgloszeniaDrezdenko.pl","NIE"
"359","trzciankaogloszenia.pl","trzcianka","Trzcianka","53.0409","16.4594","wielkopolskie","TrzciankaOgloszenia.pl","TAK"
"360","krynicazdrojogloszenia.pl","krynicazdroj","Krynica-Zdrój","49.4216","20.9602","małopolskie","KrynicaZdrojOgloszenia.pl","NIE"
"361","checinyogloszenia.pl","checiny","Chęciny","50.8001","20.4622","świętokrzyskie","ChecinyOgloszenia.pl","NIE"
"362","warkaogloszenia.pl","warka","Warka","51.7827","21.1891","Mazowieckie","WarkaOgloszenia.pl","NIE"
"363","ogloszeniadobremiasto.pl","dobremiasto","Dobre Miasto","53.9868","20.3971","warmińsko-mazurskie","OgloszeniaDobreMiasto.pl","NIE"
"364","polczynzdrojogloszenia.pl","polczynzdroj","Połczyn-Zdrój","53.7649","16.0931","zachodniopomorskie","PolczynZdrojOgloszenia.pl","NIE"
"365","barlinekogloszenia.pl","barlinek","Barlinek","52.993","15.217","zachodniopomorskie","BarlinekOgloszenia.pl","NIE"
"366","wronkiogloszenia.pl","wronki","Wronki","52.7098","16.3747","wielkopolskie","WronkiOgloszenia.pl","NIE"
"367","kostrzynogloszenia.pl","kostrzynnadodra","Kostrzyn Nad Odrą","52.592","14.6473","lubuskie","KostrzynOgloszenia.pl","NIE"
"368","lubonogloszenia.pl","lubon","Luboń","52.3472","16.8909","wielkopolskie","LubonOgloszenia.pl","TAK"
"369","karpaczogloszenia.pl","karpacz","Karpacz","50.776","15.7585","dolnośląskie","KarpaczOgloszenia.pl","NIE"
"370","radzyminogloszenia.pl","radzymin","Radzymin","52.4188","21.1825","Mazowieckie","RadzyminOgloszenia.pl","TAK"
"371","markiogloszenia.pl","marki","Marki","52.327","21.1056","Mazowieckie","MarkiOgloszenia.pl","TAK"
"372","tarczynogloszenia.pl","tarczyn","Tarczyn","51.9823","20.8337","Mazowieckie","TarczynOgloszenia.pl","NIE"
"373","strykowogloszenia.pl","strykow","Stryków","51.9002","19.6019","Łódzkie","StrykowOgloszenia.pl","NIE"
"374","czerskogloszenia.pl","czersk","Czersk","53.7938","17.9746","pomorskie","CzerskOgloszenia.pl","NIE"
"381","poznanogloszenia.com","poznan","Poznań","52.4063","16.9253","wielkopolskie","PoznanOgloszenia.com","NIE"